{
  "0.05": {
    "alpha": 0.05,
    "checkpoints": {
      "T20": {
        "EA": 0.5555555555555556,
        "RC": 0.2222222222222222,
        "E1_rate": 0.3888888888888889,
        "first_pass_EA": 0.5
      },
      "T40": {
        "EA": 0.7222222222222222,
        "RC": 0.3888888888888889,
        "E1_rate": 0.2222222222222222,
        "first_pass_EA": 0.7222222222222222
      },
      "T60": {
        "EA": 0.7222222222222222,
        "RC": 0.3888888888888889,
        "E1_rate": 0.2222222222222222,
        "first_pass_EA": 0.7222222222222222
      },
      "T80": {
        "EA": 0.7222222222222222,
        "RC": 0.3888888888888889,
        "E1_rate": 0.2222222222222222,
        "first_pass_EA": 0.7222222222222222
      }
    },
    "final_EA": 0.7222222222222222,
    "final_E1_rate": 0.2222222222222222,
    "convergence_rate": 0.0556,
    "kappa_range": "N/A"
  },
  "0.1": {
    "alpha": 0.1,
    "checkpoints": {
      "T20": {
        "EA": 0.5555555555555556,
        "RC": 0.2222222222222222,
        "E1_rate": 0.3888888888888889,
        "first_pass_EA": 0.5
      },
      "T40": {
        "EA": 0.7222222222222222,
        "RC": 0.3333333333333333,
        "E1_rate": 0.2222222222222222,
        "first_pass_EA": 0.7222222222222222
      },
      "T60": {
        "EA": 0.7777777777777778,
        "RC": 0.3333333333333333,
        "E1_rate": 0.16666666666666666,
        "first_pass_EA": 0.7222222222222222
      },
      "T80": {
        "EA": 0.7777777777777778,
        "RC": 0.3333333333333333,
        "E1_rate": 0.2222222222222222,
        "first_pass_EA": 0.7777777777777778
      }
    },
    "final_EA": 0.7777777777777778,
    "final_E1_rate": 0.2222222222222222,
    "convergence_rate": 0.0741,
    "kappa_range": "N/A"
  },
  "0.15": {
    "alpha": 0.15,
    "checkpoints": {
      "T20": {
        "EA": 0.5555555555555556,
        "RC": 0.2222222222222222,
        "E1_rate": 0.3888888888888889,
        "first_pass_EA": 0.5
      },
      "T40": {
        "EA": 0.7222222222222222,
        "RC": 0.3333333333333333,
        "E1_rate": 0.2777777777777778,
        "first_pass_EA": 0.7222222222222222
      },
      "T60": {
        "EA": 0.7222222222222222,
        "RC": 0.3333333333333333,
        "E1_rate": 0.2222222222222222,
        "first_pass_EA": 0.7222222222222222
      },
      "T80": {
        "EA": 0.7777777777777778,
        "RC": 0.3333333333333333,
        "E1_rate": 0.16666666666666666,
        "first_pass_EA": 0.7777777777777778
      }
    },
    "final_EA": 0.7777777777777778,
    "final_E1_rate": 0.16666666666666666,
    "convergence_rate": 0.0741,
    "kappa_range": "N/A"
  },
  "0.2": {
    "alpha": 0.2,
    "checkpoints": {
      "T20": {
        "EA": 0.5555555555555556,
        "RC": 0.2222222222222222,
        "E1_rate": 0.3888888888888889,
        "first_pass_EA": 0.5
      },
      "T40": {
        "EA": 0.8888888888888888,
        "RC": 0.3333333333333333,
        "E1_rate": 0.1111111111111111,
        "first_pass_EA": 0.7777777777777778
      },
      "T60": {
        "EA": 0.9444444444444444,
        "RC": 0.3888888888888889,
        "E1_rate": 0.05555555555555555,
        "first_pass_EA": 0.8888888888888888
      },
      "T80": {
        "EA": 1.0,
        "RC": 0.3888888888888889,
        "E1_rate": 0.0,
        "first_pass_EA": 1.0
      }
    },
    "final_EA": 1.0,
    "final_E1_rate": 0.0,
    "convergence_rate": 0.1481,
    "kappa_range": "N/A"
  },
  "0.3": {
    "alpha": 0.3,
    "checkpoints": {
      "T20": {
        "EA": 0.5555555555555556,
        "RC": 0.2222222222222222,
        "E1_rate": 0.3888888888888889,
        "first_pass_EA": 0.5
      },
      "T40": {
        "EA": 0.8333333333333334,
        "RC": 0.3888888888888889,
        "E1_rate": 0.16666666666666666,
        "first_pass_EA": 0.8333333333333334
      },
      "T60": {
        "EA": 0.8888888888888888,
        "RC": 0.4444444444444444,
        "E1_rate": 0.0,
        "first_pass_EA": 0.8333333333333334
      },
      "T80": {
        "EA": 1.0,
        "RC": 0.4444444444444444,
        "E1_rate": 0.0,
        "first_pass_EA": 1.0
      }
    },
    "final_EA": 1.0,
    "final_E1_rate": 0.0,
    "convergence_rate": 0.1481,
    "kappa_range": "N/A"
  }
}