{
  "timestamp": "2026-04-03T00:17:30.958383",
  "llm": {
    "model": "qwen2.5-coder:3b",
    "total_calls": 8760,
    "total_tokens": 990585
  },
  "exp1": {
    "B1-Direct": {
      "n": 50,
      "EA": 0.64,
      "RC": 0.18,
      "EM": 0.02,
      "P50_ms": 1232.900957998936,
      "P95_ms": 2149.9390000099083,
      "avg_retry_count": 0.0,
      "grounding_hit_rate": 0.0,
      "first_pass_EA": 0.64,
      "L1_EA": 0.5333333333333333,
      "L1_RC": 0.26666666666666666,
      "L2_EA": 0.8,
      "L2_RC": 0.3333333333333333,
      "L3_EA": 0.3,
      "L3_RC": 0.0,
      "L4_EA": 0.9,
      "L4_RC": 0.0
    },
    "B2-SchemaAware": {
      "n": 50,
      "EA": 0.66,
      "RC": 0.18,
      "EM": 0.06,
      "P50_ms": 1334.481208003126,
      "P95_ms": 2521.3022910029395,
      "avg_retry_count": 0.0,
      "grounding_hit_rate": 0.0,
      "first_pass_EA": 0.66,
      "L1_EA": 0.4666666666666667,
      "L1_RC": 0.26666666666666666,
      "L2_EA": 0.6666666666666666,
      "L2_RC": 0.3333333333333333,
      "L3_EA": 0.6,
      "L3_RC": 0.0,
      "L4_EA": 1.0,
      "L4_RC": 0.0
    },
    "C2C-Full": {
      "n": 50,
      "EA": 0.68,
      "RC": 0.36,
      "EM": 0.02,
      "P50_ms": 33349.56220800814,
      "P95_ms": 53068.94833399565,
      "avg_retry_count": 1.02,
      "grounding_hit_rate": 0.98,
      "first_pass_EA": 0.62,
      "L1_EA": 0.8666666666666667,
      "L1_RC": 0.7333333333333333,
      "L2_EA": 0.9333333333333333,
      "L2_RC": 0.4,
      "L3_EA": 0.1,
      "L3_RC": 0.0,
      "L4_EA": 0.6,
      "L4_RC": 0.1
    }
  },
  "exp3": {
    "B2-SchemaAware": {
      "n": 50,
      "EA": 0.66,
      "RC": 0.18,
      "EM": 0.06,
      "P50_ms": 1334.481208003126,
      "P95_ms": 2521.3022910029395,
      "avg_retry_count": 0.0,
      "grounding_hit_rate": 0.0,
      "first_pass_EA": 0.66,
      "L1_EA": 0.4666666666666667,
      "L1_RC": 0.26666666666666666,
      "L2_EA": 0.6666666666666666,
      "L2_RC": 0.3333333333333333,
      "L3_EA": 0.6,
      "L3_RC": 0.0,
      "L4_EA": 1.0,
      "L4_RC": 0.0
    },
    "C2C-Full": {
      "n": 50,
      "EA": 0.68,
      "RC": 0.36,
      "EM": 0.02,
      "P50_ms": 33349.56220800814,
      "P95_ms": 53068.94833399565,
      "avg_retry_count": 1.02,
      "grounding_hit_rate": 0.98,
      "first_pass_EA": 0.62,
      "L1_EA": 0.8666666666666667,
      "L1_RC": 0.7333333333333333,
      "L2_EA": 0.9333333333333333,
      "L2_RC": 0.4,
      "L3_EA": 0.1,
      "L3_RC": 0.0,
      "L4_EA": 0.6,
      "L4_RC": 0.1
    },
    "ABL-Mono": {
      "n": 50,
      "EA": 0.52,
      "RC": 0.22,
      "EM": 0.0,
      "P50_ms": 2537.0473750081146,
      "P95_ms": 9121.007666995865,
      "avg_retry_count": 0.0,
      "grounding_hit_rate": 0.0,
      "first_pass_EA": 0.52,
      "L1_EA": 0.6,
      "L1_RC": 0.4666666666666667,
      "L2_EA": 0.6666666666666666,
      "L2_RC": 0.26666666666666666,
      "L3_EA": 0.3,
      "L3_RC": 0.0,
      "L4_EA": 0.4,
      "L4_RC": 0.0
    },
    "ABL-NoPlanner": {
      "n": 50,
      "EA": 0.74,
      "RC": 0.4,
      "EM": 0.02,
      "P50_ms": 17631.869832999655,
      "P95_ms": 25558.536374999676,
      "avg_retry_count": 0.82,
      "grounding_hit_rate": 0.98,
      "first_pass_EA": 0.72,
      "L1_EA": 0.8666666666666667,
      "L1_RC": 0.8,
      "L2_EA": 0.8,
      "L2_RC": 0.5333333333333333,
      "L3_EA": 0.2,
      "L3_RC": 0.0,
      "L4_EA": 1.0,
      "L4_RC": 0.0
    },
    "ABL-NoValidator": {
      "n": 50,
      "EA": 0.78,
      "RC": 0.34,
      "EM": 0.02,
      "P50_ms": 29207.498042000225,
      "P95_ms": 43848.11854199506,
      "avg_retry_count": 0.78,
      "grounding_hit_rate": 0.98,
      "first_pass_EA": 0.66,
      "L1_EA": 0.8666666666666667,
      "L1_RC": 0.7333333333333333,
      "L2_EA": 0.9333333333333333,
      "L2_RC": 0.4,
      "L3_EA": 0.4,
      "L3_RC": 0.0,
      "L4_EA": 0.8,
      "L4_RC": 0.0
    },
    "ABL-NoRetry": {
      "n": 50,
      "EA": 0.6,
      "RC": 0.3,
      "EM": 0.02,
      "P50_ms": 23905.454958003247,
      "P95_ms": 32703.4288750001,
      "avg_retry_count": 0.4,
      "grounding_hit_rate": 0.98,
      "first_pass_EA": 0.6,
      "L1_EA": 0.8,
      "L1_RC": 0.6666666666666666,
      "L2_EA": 0.8,
      "L2_RC": 0.3333333333333333,
      "L3_EA": 0.2,
      "L3_RC": 0.0,
      "L4_EA": 0.4,
      "L4_RC": 0.0
    }
  },
  "exp5": {
    "C2C-Full": {
      "T50": {
        "EA": 0.76,
        "E1": 0.2,
        "first_pass": 0.66
      },
      "T100": {
        "EA": 0.84,
        "E1": 0.14,
        "first_pass": 0.84
      },
      "T150": {
        "EA": 0.84,
        "E1": 0.08,
        "first_pass": 0.82
      },
      "T200": {
        "EA": 0.86,
        "E1": 0.06,
        "first_pass": 0.86
      }
    },
    "ABL-NoFeedback": {
      "T50": {
        "EA": 0.58,
        "E1": 0.38,
        "first_pass": 0.5
      },
      "T100": {
        "EA": 0.58,
        "E1": 0.38,
        "first_pass": 0.5
      },
      "T150": {
        "EA": 0.58,
        "E1": 0.38,
        "first_pass": 0.5
      },
      "T200": {
        "EA": 0.58,
        "E1": 0.38,
        "first_pass": 0.5
      }
    }
  },
  "exp6": {
    "C2C-Full": {
      "T50": {
        "first_pass": 0.66,
        "EA": 0.76,
        "E1": 0.2,
        "V_size": 38
      },
      "T100": {
        "first_pass": 0.84,
        "EA": 0.84,
        "E1": 0.14,
        "V_size": 42
      },
      "T150": {
        "first_pass": 0.82,
        "EA": 0.84,
        "E1": 0.08,
        "V_size": 42
      },
      "T200": {
        "first_pass": 0.86,
        "EA": 0.86,
        "E1": 0.06,
        "V_size": 43
      }
    },
    "ABL-NoVector": {
      "T50": {
        "first_pass": 0.5,
        "EA": 0.58,
        "E1": 0.38,
        "V_size": 0
      },
      "T100": {
        "first_pass": 0.62,
        "EA": 0.66,
        "E1": 0.28,
        "V_size": 0
      },
      "T150": {
        "first_pass": 0.64,
        "EA": 0.72,
        "E1": 0.26,
        "V_size": 0
      },
      "T200": {
        "first_pass": 0.52,
        "EA": 0.6,
        "E1": 0.36,
        "V_size": 0
      }
    }
  }
}