{
  "timestamp": "2026-03-30T19:10:30.891287",
  "llm": {
    "model": "qwen2.5-coder:3b",
    "total_calls": 7547,
    "total_tokens": 977489
  },
  "exp1": {
    "B1-Direct": {
      "n": 50,
      "EA": 0.6,
      "RC": 0.16,
      "EM": 0.0,
      "P50_ms": 2997.7120829862542,
      "P95_ms": 6498.234042024706,
      "avg_retry_count": 0.0,
      "grounding_hit_rate": 0.0,
      "first_pass_EA": 0.6,
      "L1_EA": 0.6,
      "L1_RC": 0.26666666666666666,
      "L2_EA": 0.8,
      "L2_RC": 0.26666666666666666,
      "L3_EA": 0.2,
      "L3_RC": 0.0,
      "L4_EA": 0.7,
      "L4_RC": 0.0
    },
    "B2-SchemaAware": {
      "n": 50,
      "EA": 0.62,
      "RC": 0.2,
      "EM": 0.0,
      "P50_ms": 3254.3667500140145,
      "P95_ms": 6377.402291982435,
      "avg_retry_count": 0.0,
      "grounding_hit_rate": 0.0,
      "first_pass_EA": 0.62,
      "L1_EA": 0.4666666666666667,
      "L1_RC": 0.26666666666666666,
      "L2_EA": 0.7333333333333333,
      "L2_RC": 0.3333333333333333,
      "L3_EA": 0.4,
      "L3_RC": 0.0,
      "L4_EA": 0.9,
      "L4_RC": 0.1
    },
    "C2C-Full": {
      "n": 50,
      "EA": 0.66,
      "RC": 0.3,
      "EM": 0.02,
      "P50_ms": 51418.731458019465,
      "P95_ms": 77659.13220902439,
      "avg_retry_count": 1.02,
      "grounding_hit_rate": 0.98,
      "first_pass_EA": 0.66,
      "L1_EA": 0.8666666666666667,
      "L1_RC": 0.4666666666666667,
      "L2_EA": 0.8666666666666667,
      "L2_RC": 0.4666666666666667,
      "L3_EA": 0.2,
      "L3_RC": 0.0,
      "L4_EA": 0.5,
      "L4_RC": 0.1
    }
  },
  "exp3": {
    "B2-SchemaAware": {
      "n": 50,
      "EA": 0.62,
      "RC": 0.2,
      "EM": 0.0,
      "P50_ms": 3254.3667500140145,
      "P95_ms": 6377.402291982435,
      "avg_retry_count": 0.0,
      "grounding_hit_rate": 0.0,
      "first_pass_EA": 0.62,
      "L1_EA": 0.4666666666666667,
      "L1_RC": 0.26666666666666666,
      "L2_EA": 0.7333333333333333,
      "L2_RC": 0.3333333333333333,
      "L3_EA": 0.4,
      "L3_RC": 0.0,
      "L4_EA": 0.9,
      "L4_RC": 0.1
    },
    "C2C-Full": {
      "n": 50,
      "EA": 0.66,
      "RC": 0.3,
      "EM": 0.02,
      "P50_ms": 51418.731458019465,
      "P95_ms": 77659.13220902439,
      "avg_retry_count": 1.02,
      "grounding_hit_rate": 0.98,
      "first_pass_EA": 0.66,
      "L1_EA": 0.8666666666666667,
      "L1_RC": 0.4666666666666667,
      "L2_EA": 0.8666666666666667,
      "L2_RC": 0.4666666666666667,
      "L3_EA": 0.2,
      "L3_RC": 0.0,
      "L4_EA": 0.5,
      "L4_RC": 0.1
    },
    "ABL-Mono": {
      "n": 50,
      "EA": 0.6,
      "RC": 0.22,
      "EM": 0.0,
      "P50_ms": 3586.442833999172,
      "P95_ms": 12052.936666994356,
      "avg_retry_count": 0.0,
      "grounding_hit_rate": 0.0,
      "first_pass_EA": 0.6,
      "L1_EA": 0.6,
      "L1_RC": 0.5333333333333333,
      "L2_EA": 0.8,
      "L2_RC": 0.2,
      "L3_EA": 0.3,
      "L3_RC": 0.0,
      "L4_EA": 0.6,
      "L4_RC": 0.0
    },
    "ABL-NoPlanner": {
      "n": 50,
      "EA": 0.74,
      "RC": 0.32,
      "EM": 0.0,
      "P50_ms": 25757.481749984436,
      "P95_ms": 34236.64704198018,
      "avg_retry_count": 0.82,
      "grounding_hit_rate": 0.98,
      "first_pass_EA": 0.7,
      "L1_EA": 1.0,
      "L1_RC": 0.5333333333333333,
      "L2_EA": 0.9333333333333333,
      "L2_RC": 0.4,
      "L3_EA": 0.2,
      "L3_RC": 0.0,
      "L4_EA": 0.6,
      "L4_RC": 0.2
    },
    "ABL-NoValidator": {
      "n": 50,
      "EA": 0.7,
      "RC": 0.3,
      "EM": 0.02,
      "P50_ms": 62544.08445901936,
      "P95_ms": 87911.09091596445,
      "avg_retry_count": 0.9,
      "grounding_hit_rate": 0.98,
      "first_pass_EA": 0.7,
      "L1_EA": 0.8666666666666667,
      "L1_RC": 0.4666666666666667,
      "L2_EA": 0.8666666666666667,
      "L2_RC": 0.4666666666666667,
      "L3_EA": 0.3,
      "L3_RC": 0.0,
      "L4_EA": 0.6,
      "L4_RC": 0.1
    },
    "ABL-NoRetry": {
      "n": 50,
      "EA": 0.66,
      "RC": 0.28,
      "EM": 0.02,
      "P50_ms": 57771.012958022766,
      "P95_ms": 77877.38991598599,
      "avg_retry_count": 0.34,
      "grounding_hit_rate": 0.98,
      "first_pass_EA": 0.66,
      "L1_EA": 0.8666666666666667,
      "L1_RC": 0.4666666666666667,
      "L2_EA": 0.8666666666666667,
      "L2_RC": 0.4666666666666667,
      "L3_EA": 0.2,
      "L3_RC": 0.0,
      "L4_EA": 0.5,
      "L4_RC": 0.0
    }
  },
  "exp5": {
    "C2C-Full": {
      "T50": {
        "EA": 0.66,
        "E1": 0.24,
        "first_pass": 0.66
      },
      "T100": {
        "EA": 0.8,
        "E1": 0.14,
        "first_pass": 0.78
      },
      "T150": {
        "EA": 0.86,
        "E1": 0.12,
        "first_pass": 0.86
      },
      "T200": {
        "EA": 0.88,
        "E1": 0.1,
        "first_pass": 0.86
      }
    },
    "ABL-NoFeedback": {
      "T50": {
        "EA": 0.6,
        "E1": 0.32,
        "first_pass": 0.56
      },
      "T100": {
        "EA": 0.6,
        "E1": 0.32,
        "first_pass": 0.56
      },
      "T150": {
        "EA": 0.6,
        "E1": 0.32,
        "first_pass": 0.56
      },
      "T200": {
        "EA": 0.6,
        "E1": 0.32,
        "first_pass": 0.56
      }
    }
  },
  "exp6": {
    "C2C-Full": {
      "T50": {
        "first_pass": 0.66,
        "EA": 0.66,
        "E1": 0.24,
        "V_size": 33
      },
      "T100": {
        "first_pass": 0.78,
        "EA": 0.8,
        "E1": 0.14,
        "V_size": 40
      },
      "T150": {
        "first_pass": 0.86,
        "EA": 0.86,
        "E1": 0.12,
        "V_size": 43
      },
      "T200": {
        "first_pass": 0.86,
        "EA": 0.88,
        "E1": 0.1,
        "V_size": 44
      }
    },
    "ABL-NoVector": {
      "T50": {
        "first_pass": 0.56,
        "EA": 0.6,
        "E1": 0.32,
        "V_size": 0
      },
      "T100": {
        "first_pass": 0.56,
        "EA": 0.66,
        "E1": 0.24,
        "V_size": 0
      },
      "T150": {
        "first_pass": 0.58,
        "EA": 0.6,
        "E1": 0.38,
        "V_size": 0
      },
      "T200": {
        "first_pass": 0.62,
        "EA": 0.66,
        "E1": 0.32,
        "V_size": 0
      }
    }
  }
}