{
  "run_id": 1,
  "timestamp": "20260331_072322",
  "checkpoints": {
    "C2C-Full": {
      "T50": {
        "EA": 0.76,
        "RC": 0.32,
        "E1": 0.2,
        "E2": 0.44,
        "E3": 0.0,
        "E5": 0.04,
        "first_pass": 0.66,
        "P50_ms": 25598.91325002536
      },
      "T100": {
        "EA": 0.84,
        "RC": 0.32,
        "E1": 0.14,
        "E2": 0.52,
        "E3": 0.0,
        "E5": 0.02,
        "first_pass": 0.84,
        "P50_ms": 27125.423791003413
      },
      "T150": {
        "EA": 0.88,
        "RC": 0.32,
        "E1": 0.08,
        "E2": 0.56,
        "E3": 0.0,
        "E5": 0.04,
        "first_pass": 0.82,
        "P50_ms": 28445.982125005685
      },
      "T200": {
        "EA": 0.92,
        "RC": 0.3,
        "E1": 0.06,
        "E2": 0.62,
        "E3": 0.0,
        "E5": 0.02,
        "first_pass": 0.92,
        "P50_ms": 30528.1205419451
      }
    },
    "ABL-NoFeedback": {
      "T50": {
        "EA": 0.58,
        "RC": 0.28,
        "E1": 0.38,
        "E2": 0.3,
        "E3": 0.0,
        "E5": 0.04,
        "first_pass": 0.5,
        "P50_ms": 20653.642291901633
      },
      "T100": {
        "EA": 0.58,
        "RC": 0.28,
        "E1": 0.38,
        "E2": 0.3,
        "E3": 0.0,
        "E5": 0.04,
        "first_pass": 0.5,
        "P50_ms": 21222.04566700384
      },
      "T150": {
        "EA": 0.58,
        "RC": 0.28,
        "E1": 0.38,
        "E2": 0.3,
        "E3": 0.0,
        "E5": 0.04,
        "first_pass": 0.5,
        "P50_ms": 22033.35712500848
      },
      "T200": {
        "EA": 0.58,
        "RC": 0.28,
        "E1": 0.38,
        "E2": 0.3,
        "E3": 0.0,
        "E5": 0.04,
        "first_pass": 0.5,
        "P50_ms": 22966.807499993593
      }
    }
  },
  "semantic_model_snapshots": {
    "T50": {
      "Customer": 0.24659553595054234,
      "Order": 0.3424272052186591,
      "Product": 0.3057970585550605,
      "OrderItem": 1.0,
      "SalesRep": 1.0,
      "Return": 0.891625,
      "Deal": 0.36460927503906243,
      "SalesforceAccount": 1.0,
      "Delivery": 0.6141249999999999
    },
    "T100": {
      "Customer": 0.5944951548394991,
      "Order": 0.7878599273881335,
      "Product": 0.5955083075844988,
      "OrderItem": 1.0,
      "SalesRep": 0.617491946283203,
      "Return": 0.6803317337441407,
      "Deal": 0.17707263472339416,
      "SalesforceAccount": 0.6720062499999999,
      "Delivery": 0.7212053125
    },
    "T150": {
      "Customer": 0.8715402164247822,
      "Order": 0.8104786564330507,
      "Product": 0.864970027294222,
      "OrderItem": 1.0,
      "SalesRep": 0.7236379311896142,
      "Return": 0.7282819736825196,
      "Deal": 0.17707263472339416,
      "SalesforceAccount": 0.41269583828124995,
      "Delivery": 0.8287852125390625
    },
    "T200": {
      "Customer": 0.870804527123327,
      "Order": 0.8846227864143186,
      "Product": 0.7312652408343521,
      "OrderItem": 1.0,
      "SalesRep": 0.8003284052844962,
      "Return": 0.8331311670877773,
      "Deal": 0.17707263472339416,
      "SalesforceAccount": 0.5007914625390625,
      "Delivery": 0.8762973160594726
    }
  },
  "feedback_stats": {
    "T50": {
      "total_signals": 116,
      "updates_applied": 169,
      "pending_f_sql": 0,
      "pending_f_usr": 0,
      "pending_f_qrm": 0,
      "pending_f_ins": 0,
      "failure_patterns": {
        "E2": 5,
        "E1": 5
      },
      "refined_examples": {
        "E2": 3,
        "E1": 3
      },
      "enrichment_proposals": 8,
      "enabled": true
    },
    "T100": {
      "total_signals": 226,
      "updates_applied": 316,
      "pending_f_sql": 0,
      "pending_f_usr": 0,
      "pending_f_qrm": 0,
      "pending_f_ins": 0,
      "failure_patterns": {
        "E2": 5,
        "E1": 5
      },
      "refined_examples": {
        "E2": 6,
        "E1": 6
      },
      "enrichment_proposals": 13,
      "enabled": true
    },
    "T150": {
      "total_signals": 337,
      "updates_applied": 446,
      "pending_f_sql": 0,
      "pending_f_usr": 0,
      "pending_f_qrm": 0,
      "pending_f_ins": 0,
      "failure_patterns": {
        "E2": 5,
        "E1": 5
      },
      "refined_examples": {
        "E2": 9,
        "E1": 9
      },
      "enrichment_proposals": 22,
      "enabled": true
    },
    "T200": {
      "total_signals": 445,
      "updates_applied": 568,
      "pending_f_sql": 0,
      "pending_f_usr": 0,
      "pending_f_qrm": 0,
      "pending_f_ins": 0,
      "failure_patterns": {
        "E2": 5,
        "E1": 5,
        "E3": 1
      },
      "refined_examples": {
        "E2": 12,
        "E1": 12
      },
      "enrichment_proposals": 29,
      "enabled": true
    }
  }
}