{
  "run_id": 4,
  "timestamp": "20260330_140652",
  "checkpoints": {
    "C2C-Full": {
      "T50": {
        "EA": 0.66,
        "RC": 0.28,
        "E1": 0.24,
        "E2": 0.38,
        "E3": 0.0,
        "E5": 0.08,
        "first_pass": 0.66,
        "P50_ms": 53007.84737500362
      },
      "T100": {
        "EA": 0.8,
        "RC": 0.32,
        "E1": 0.14,
        "E2": 0.48,
        "E3": 0.0,
        "E5": 0.06,
        "first_pass": 0.78,
        "P50_ms": 54769.186957972124
      },
      "T150": {
        "EA": 0.86,
        "RC": 0.3,
        "E1": 0.12,
        "E2": 0.56,
        "E3": 0.0,
        "E5": 0.02,
        "first_pass": 0.86,
        "P50_ms": 50428.96875005681
      },
      "T200": {
        "EA": 0.88,
        "RC": 0.32,
        "E1": 0.1,
        "E2": 0.56,
        "E3": 0.0,
        "E5": 0.02,
        "first_pass": 0.86,
        "P50_ms": 40270.18362493254
      }
    },
    "ABL-NoFeedback": {
      "T50": {
        "EA": 0.6,
        "RC": 0.22,
        "E1": 0.32,
        "E2": 0.38,
        "E3": 0.0,
        "E5": 0.06,
        "first_pass": 0.56,
        "P50_ms": 44334.19970795512
      },
      "T100": {
        "EA": 0.6,
        "RC": 0.24,
        "E1": 0.32,
        "E2": 0.36,
        "E3": 0.0,
        "E5": 0.06,
        "first_pass": 0.56,
        "P50_ms": 44069.99087508302
      },
      "T150": {
        "EA": 0.6,
        "RC": 0.22,
        "E1": 0.32,
        "E2": 0.38,
        "E3": 0.0,
        "E5": 0.06,
        "first_pass": 0.56,
        "P50_ms": 35956.364708952606
      },
      "T200": {
        "EA": 0.6,
        "RC": 0.24,
        "E1": 0.32,
        "E2": 0.36,
        "E3": 0.0,
        "E5": 0.06,
        "first_pass": 0.56,
        "P50_ms": 31822.37129099667
      }
    }
  },
  "semantic_model_snapshots": {
    "T50": {
      "Customer": 0.22650916141857014,
      "Order": 0.1615968005633324,
      "Product": 0.11359011923483092,
      "OrderItem": 0.6141249999999999,
      "SalesRep": 0.23161694628320303,
      "Return": 0.41269583828124995,
      "Deal": 0.14224175713617204,
      "SalesforceAccount": 0.3771495156249999,
      "Delivery": 0.3075485569318017
    },
    "T100": {
      "Customer": 0.4349714139897352,
      "Order": 0.314897167363036,
      "Product": 0.7584617061904863,
      "OrderItem": 0.7179966041065655,
      "SalesRep": 0.27318935703088426,
      "Return": 0.7167457519403023,
      "Deal": 0.14224175713617204,
      "SalesforceAccount": 0.6806008706427615,
      "Delivery": 0.7167426218089246
    },
    "T150": {
      "Customer": 0.6295845478700094,
      "Order": 0.7566830478306232,
      "Product": 0.6153235690443841,
      "OrderItem": 0.7002662540326537,
      "SalesRep": 0.23472530180360304,
      "Return": 0.7833752648106748,
      "Deal": 0.14224175713617204,
      "SalesforceAccount": 0.43589886674087164,
      "Delivery": 0.7583498103286598
    },
    "T200": {
      "Customer": 0.6835622234176598,
      "Order": 0.7756797150691794,
      "Product": 0.612712180980693,
      "OrderItem": 0.6989497562803201,
      "SalesRep": 0.1441506759701377,
      "Return": 0.7901745651240046,
      "Deal": 0.14224175713617204,
      "SalesforceAccount": 0.5190659058063557,
      "Delivery": 0.7156766203571908
    }
  },
  "feedback_stats": {
    "T50": {
      "total_signals": 113,
      "updates_applied": 259,
      "pending_f_sql": 0,
      "pending_f_usr": 0,
      "pending_f_qrm": 0,
      "pending_f_ins": 0,
      "failure_patterns": {
        "E2": 5,
        "E1": 5,
        "E4": 3
      },
      "refined_examples": {
        "E2": 3,
        "E1": 3
      },
      "enrichment_proposals": 10,
      "enabled": true
    },
    "T100": {
      "total_signals": 217,
      "updates_applied": 467,
      "pending_f_sql": 0,
      "pending_f_usr": 0,
      "pending_f_qrm": 0,
      "pending_f_ins": 0,
      "failure_patterns": {
        "E2": 5,
        "E1": 5,
        "E4": 3
      },
      "refined_examples": {
        "E2": 6,
        "E1": 6
      },
      "enrichment_proposals": 14,
      "enabled": true
    },
    "T150": {
      "total_signals": 316,
      "updates_applied": 680,
      "pending_f_sql": 0,
      "pending_f_usr": 0,
      "pending_f_qrm": 0,
      "pending_f_ins": 0,
      "failure_patterns": {
        "E2": 5,
        "E1": 5,
        "E4": 3
      },
      "refined_examples": {
        "E2": 9,
        "E1": 9
      },
      "enrichment_proposals": 17,
      "enabled": true
    },
    "T200": {
      "total_signals": 415,
      "updates_applied": 893,
      "pending_f_sql": 0,
      "pending_f_usr": 0,
      "pending_f_qrm": 0,
      "pending_f_ins": 0,
      "failure_patterns": {
        "E2": 5,
        "E1": 5,
        "E4": 3
      },
      "refined_examples": {
        "E2": 12,
        "E1": 12
      },
      "enrichment_proposals": 24,
      "enabled": true
    }
  }
}