{
  "run_id": 3,
  "timestamp": "20260330_092307",
  "checkpoints": {
    "C2C-Full": {
      "T50": {
        "EA": 0.7,
        "RC": 0.3,
        "E1": 0.2,
        "E2": 0.4,
        "E3": 0.0,
        "E5": 0.08,
        "first_pass": 0.7,
        "P50_ms": 27452.428665943444
      },
      "T100": {
        "EA": 0.78,
        "RC": 0.28,
        "E1": 0.18,
        "E2": 0.5,
        "E3": 0.0,
        "E5": 0.04,
        "first_pass": 0.78,
        "P50_ms": 28753.411749959923
      },
      "T150": {
        "EA": 0.9,
        "RC": 0.28,
        "E1": 0.08,
        "E2": 0.62,
        "E3": 0.0,
        "E5": 0.02,
        "first_pass": 0.88,
        "P50_ms": 48040.160208940506
      },
      "T200": {
        "EA": 0.9,
        "RC": 0.28,
        "E1": 0.04,
        "E2": 0.62,
        "E3": 0.0,
        "E5": 0.02,
        "first_pass": 0.9,
        "P50_ms": 52162.12312504649
      }
    },
    "ABL-NoFeedback": {
      "T50": {
        "EA": 0.6,
        "RC": 0.22,
        "E1": 0.32,
        "E2": 0.38,
        "E3": 0.0,
        "E5": 0.06,
        "first_pass": 0.56,
        "P50_ms": 27672.24929202348
      },
      "T100": {
        "EA": 0.6,
        "RC": 0.22,
        "E1": 0.32,
        "E2": 0.38,
        "E3": 0.0,
        "E5": 0.06,
        "first_pass": 0.56,
        "P50_ms": 44041.986665921286
      },
      "T150": {
        "EA": 0.6,
        "RC": 0.22,
        "E1": 0.32,
        "E2": 0.38,
        "E3": 0.0,
        "E5": 0.06,
        "first_pass": 0.56,
        "P50_ms": 44325.31329197809
      },
      "T200": {
        "EA": 0.6,
        "RC": 0.24,
        "E1": 0.32,
        "E2": 0.36,
        "E3": 0.0,
        "E5": 0.06,
        "first_pass": 0.56,
        "P50_ms": 44031.49800002575
      }
    }
  },
  "semantic_model_snapshots": {
    "T50": {
      "Customer": 0.34484034446888695,
      "Order": 0.33452728183384906,
      "Product": 0.24933690811049256,
      "OrderItem": 0.6141249999999999,
      "SalesRep": 0.41269583828124995,
      "Return": 0.6141249999999999,
      "Deal": 0.2889931543407226,
      "SalesforceAccount": 0.6141249999999999,
      "Delivery": 0.6141249999999999
    },
    "T100": {
      "Customer": 0.25585355882320115,
      "Order": 0.2575569833030982,
      "Product": 0.3734796117218613,
      "OrderItem": 0.2781872029843689,
      "SalesRep": 0.10762633530754673,
      "Return": 0.3202542441563355,
      "Deal": 0.2889931543407226,
      "SalesforceAccount": 0.134254057912794,
      "Delivery": 0.28817111611113383
    },
    "T150": {
      "Customer": 0.48115523339396493,
      "Order": 0.547763427331238,
      "Product": 0.9757163635354514,
      "OrderItem": 0.2781872029843689,
      "SalesRep": 0.14830036969513508,
      "Return": 0.8862491403328726,
      "Deal": 0.3864936281785444,
      "SalesforceAccount": 0.134254057912794,
      "Delivery": 0.39494544869446374
    },
    "T200": {
      "Customer": 0.5498427571778848,
      "Order": 0.5418158016205912,
      "Product": 0.9986972700866538,
      "OrderItem": 0.2781872029843689,
      "SalesRep": 0.09107496453902482,
      "Return": 0.9900633824816821,
      "Deal": 0.6184138799758945,
      "SalesforceAccount": 0.134254057912794,
      "Delivery": 0.9378187437141725
    }
  },
  "feedback_stats": {
    "T50": {
      "total_signals": 108,
      "updates_applied": 236,
      "pending_f_sql": 0,
      "pending_f_usr": 0,
      "pending_f_qrm": 0,
      "pending_f_ins": 0,
      "failure_patterns": {
        "E2": 5,
        "E1": 5,
        "E4": 3
      },
      "refined_examples": {
        "E2": 3,
        "E1": 3
      },
      "enrichment_proposals": 9,
      "enabled": true
    },
    "T100": {
      "total_signals": 211,
      "updates_applied": 516,
      "pending_f_sql": 0,
      "pending_f_usr": 0,
      "pending_f_qrm": 0,
      "pending_f_ins": 0,
      "failure_patterns": {
        "E2": 5,
        "E1": 5,
        "E4": 3
      },
      "refined_examples": {
        "E2": 6,
        "E1": 6
      },
      "enrichment_proposals": 18,
      "enabled": true
    },
    "T150": {
      "total_signals": 307,
      "updates_applied": 608,
      "pending_f_sql": 0,
      "pending_f_usr": 0,
      "pending_f_qrm": 0,
      "pending_f_ins": 0,
      "failure_patterns": {
        "E2": 5,
        "E1": 5,
        "E4": 3,
        "E3": 1
      },
      "refined_examples": {
        "E2": 9,
        "E1": 9
      },
      "enrichment_proposals": 22,
      "enabled": true
    },
    "T200": {
      "total_signals": 402,
      "updates_applied": 771,
      "pending_f_sql": 0,
      "pending_f_usr": 0,
      "pending_f_qrm": 0,
      "pending_f_ins": 0,
      "failure_patterns": {
        "E2": 5,
        "E1": 5,
        "E4": 9,
        "E3": 1
      },
      "refined_examples": {
        "E2": 12,
        "E1": 12
      },
      "enrichment_proposals": 31,
      "enabled": true
    }
  }
}